221,Sadar Hospital Aurangabad Blood Bank,Bihar,AURANGABAD,Aurangabad,,Government,"Atlanta Point
Near Cellular Jail
P.O. Aberdeen Bazaar
"
222,Meera Nursing Home Blood Bank and Research Centre,Bihar,BEGUSARAI,Begusarai,9835642642,Private,"Atlanta Point
Near Cellular Jail
P.O. Aberdeen Bazaar
"
223,Rastra Kavi Dinkar Blood Bank,Bihar,BEGUSARAI,Begusarai,9431208750,Government,"Atlanta Point
Near Cellular Jail
P.O. Aberdeen Bazaar
"
224,Deshratna Rajendra Prasad Memorial Rotary Blood Bank,Bihar,BEGUSARAI,Begusarai ,"09431211796, 09835239088",Charity,"Atlanta Point
Near Cellular Jail
P.O. Aberdeen Bazaar
"
225,Jawaharlal Nehru Medical College Hospital (JNMCH) Blood Bank,Bihar,BHAGALPUR,Bhagalpur,9934456029,Government,"Atlanta Point
Near Cellular Jail
P.O. Aberdeen Bazaar
"
226,Sadar Hospital Ara (Bhojpur) Blood bank,Bihar,BHOJPUR,Ara,7870307773,Government,"Atlanta Point
Near Cellular Jail
P.O. Aberdeen Bazaar
"
227,Sadar Hospital Ara Blood Bank,Bihar,BHOJPUR,Ara,"09507840742, 09334466166",Government,"Atlanta Point
Near Cellular Jail
P.O. Aberdeen Bazaar
"
228,Maa Vindhyawasini Blood Bank ,Bihar,BHOJPUR,Arrah,"09835642642, 09430929650",Private,"Atlanta Point
Near Cellular Jail
P.O. Aberdeen Bazaar
"
229,Indian Red Cross Blood Bank (IRCS) Blood Bank,Bihar,BHOJPUR,Arrah,9386399967,Government,"Atlanta Point
Near Cellular Jail
P.O. Aberdeen Bazaar
"
230,Sadar Hospital Buxar Blood Bank,Bihar,BUXAR,Buxar,"09431235353, 09431083400",Government,"Atlanta Point
Near Cellular Jail
P.O. Aberdeen Bazaar
"
231,Darbhanga Medical College and Hospital (DMCH) Regional Blood Bank,Bihar,DARBHANGA,Laheriasaria,,Government,"Atlanta Point
Near Cellular Jail
P.O. Aberdeen Bazaar
"
232,"Indian Red Cross Society Blood Bank, Motihari",Bihar,EAST CHAMPARAN,Motihari,9430276423,Charity,"Atlanta Point
Near Cellular Jail
P.O. Aberdeen Bazaar
"
233,Duncan Hospital Blood Bank,Bihar,EAST CHAMPARAN,Raxaul,,Charity,"Atlanta Point
Near Cellular Jail
P.O. Aberdeen Bazaar
"
234,Anugrah Narayan Memorial Magadh Medical College Hospital (ANMMCH) Blood Bank,Bihar,GAYA,Gaya,9570557188,Government,"Atlanta Point
Near Cellular Jail
P.O. Aberdeen Bazaar
"
235,Bhagwan Mahabir Blood Bank,Bihar,GAYA,Gaya,9931624863,Private,"Atlanta Point
Near Cellular Jail
P.O. Aberdeen Bazaar
"
236," Sadar Hospital, Gopalganj Blood Bank",Bihar,GOPALGANJ,Gopalganj,"09431283852, 9431218340, 9431057935, 9430421353",Government,"Atlanta Point
Near Cellular Jail
P.O. Aberdeen Bazaar
"
237,Sadar Hospital Jamui Blood Bank,Bihar,JAMUI,Jamui,"09431234087 , 09470003349, 09431251684, 0980196853",Government,"Atlanta Point
Near Cellular Jail
P.O. Aberdeen Bazaar
"
238,"Amar Saheed Jagdeo Prasad, Sadar Hospital Jehanabad Blood Bank ",Bihar,JEHANABAD,Jehanabad,9835407198,Government,"Atlanta Point
Near Cellular Jail
P.O. Aberdeen Bazaar
"
239,Sadar Hospital Kaimur (Bhabua) Blood Bank ,Bihar,KAIMUR (BHABUA),Bhasna,8877667831,Government,"Atlanta Point
Near Cellular Jail
P.O. Aberdeen Bazaar
"
240,Katihar Medical College Blood Bank,Bihar,KATIHAR,Katihar,"09431498105, 07739615664",Private,"Atlanta Point
Near Cellular Jail
P.O. Aberdeen Bazaar
"
241,"Sadar Hospital, Katihar Blood bank",Bihar,KATIHAR,Katihar,9431634656,Government,"Atlanta Point
Near Cellular Jail
P.O. Aberdeen Bazaar
"
242,Sadar Hospital Khagaria Blood Bank ,Bihar,KHAGARIA,Khagaria,9431689373,Government,"Atlanta Point
Near Cellular Jail
P.O. Aberdeen Bazaar
"
243,Mata Gujri Memorial Medical College & Lions Kenra Hospital Blood Bank ,Bihar,KISHANGANJ,Kishanganj,"082985 00055, 09430911111",Charity,"Atlanta Point
Near Cellular Jail
P.O. Aberdeen Bazaar
"
244,Mata Gujri Memorial (MGM) Blood Bank,Bihar,KISHANGANJ,Kishanganj,9430911111,Private,"Atlanta Point
Near Cellular Jail
P.O. Aberdeen Bazaar
"
245,Sadar Hospital Kishanganj Blood Bank ,Bihar,KISHANGANJ,Kishanganj,"09470003401, 08544331639",Government,"Atlanta Point
Near Cellular Jail
P.O. Aberdeen Bazaar
"
246,Sadar Hospital Lakhisarai Blood Bank ,Bihar,LAKHISARAI,Lakhisarai,"09431418374, 09304065264",Government,"Atlanta Point
Near Cellular Jail
P.O. Aberdeen Bazaar
"
247,Sadar Hospital Madhepura Blood Bank ,Bihar,MADHEPURA,Madhepura,9430039619,Government,"Atlanta Point
Near Cellular Jail
P.O. Aberdeen Bazaar
"
248,Sadar Hospital Madhubani Blood Bank,Bihar,MADHUBANI,Madhubani,"09431451650, 09470003434",Government,"Atlanta Point
Near Cellular Jail
P.O. Aberdeen Bazaar
"
249,Sadar Hospital Muzaffarpur Blood Bank,Bihar,MUZAFFARPUR,Muzaffarpur,,Government,"Atlanta Point
Near Cellular Jail
P.O. Aberdeen Bazaar
"
250,Sinha Blood Bank Muzaffarpur,Bihar,MUZAFFARPUR,Muzaffarpur,9693250208,Charity,"Atlanta Point
Near Cellular Jail
P.O. Aberdeen Bazaar
"
251,Sri Krishna Medical College Hospital (SKMCH) Blood Bank ,Bihar,MUZAFFARPUR,Muzaffarpur,"099342 03205, 09431238638, 09934026607",Government,"Atlanta Point
Near Cellular Jail
P.O. Aberdeen Bazaar
"
252,Krishna Devi Devi Prasad Kejriwal Maternity Hospital Blood bank,Bihar,MUZAFFARPUR,Muzaffarpur,"09798454101, 09334905659",Charity,"Atlanta Point
Near Cellular Jail
P.O. Aberdeen Bazaar
"
253,Sadar Hospital Muzaffarpur Blood Bank,Bihar,MUZAFFARPUR,Muzaffarpur,9431013092,Government,"Atlanta Point
Near Cellular Jail
P.O. Aberdeen Bazaar
"
254,Nalanda Blood Bank (A Unit of Janata Karah Kalyan Samaj),Bihar,NALANDA,Bihar Sharif,"096933 67443, 09835494030",Charity,"Atlanta Point
Near Cellular Jail
P.O. Aberdeen Bazaar
"
255,"Red Cross Blood Bank, Sadar Hospital, Bihar Sharif",Bihar,NALANDA,Bihar Sharif,9709456019,Charity,"Atlanta Point
Near Cellular Jail
P.O. Aberdeen Bazaar
"
256,Sadar Hospital Nawada Blood Bank ,Bihar,NAWADA,Nawada,,Government,"Atlanta Point
Near Cellular Jail
P.O. Aberdeen Bazaar
"
257, Hitech Emergency Hospital Blood Bank ,Bihar,PATNA,Danapur,"08102262107,09708036409, 09708036576",Private,"Atlanta Point
Near Cellular Jail
P.O. Aberdeen Bazaar
"
258,Bharat Blood Bank,Bihar,PATNA,Patna,093341 51682,Private,"Atlanta Point
Near Cellular Jail
P.O. Aberdeen Bazaar
"
259,Kurji Holy Family Hospital Blood Bank,Bihar,PATNA,Patna,9430254273,Charity,"Atlanta Point
Near Cellular Jail
P.O. Aberdeen Bazaar
"
260,National Blood Bank & Resarch Center,Bihar,PATNA,Patna,"09931764857, 09939679116",Private,"Atlanta Point
Near Cellular Jail
P.O. Aberdeen Bazaar
"
261,Nalanda Medical College and Hospital Blood Bank,Bihar,PATNA,Patna,,Government,"Atlanta Point
Near Cellular Jail
P.O. Aberdeen Bazaar
"
262,Military Hospital Blood Bank,Bihar,PATNA,Patna,N/A,Government,"Atlanta Point
Near Cellular Jail
P.O. Aberdeen Bazaar
"
263,Lions Mahavir Cancer Sansthan Blood Bank,Bihar,PATNA,Patna,"07091490890, 09431422042",Charity,"Atlanta Point
Near Cellular Jail
P.O. Aberdeen Bazaar
"
264,Tripolia Social Service Hospital and Blood Bank,Bihar,PATNA,Patna,N/A,Private,"Atlanta Point
Near Cellular Jail
P.O. Aberdeen Bazaar
"
265,Shashi Blood Bank,Bihar,PATNA,Patna,9334198720,Private,"Atlanta Point
Near Cellular Jail
P.O. Aberdeen Bazaar
"
266,Patliputra Blood Bank,Bihar,PATNA,Patna,9334128177,Private,"Atlanta Point
Near Cellular Jail
P.O. Aberdeen Bazaar
"
267,Bihar State Patna Medical College and Hospital (PMCH) Blood Bank,Bihar,PATNA,Patna,,Government,"Atlanta Point
Near Cellular Jail
P.O. Aberdeen Bazaar
"
268,Indian Red Cross Society (IRCS) Patna Blood Bank,Bihar,PATNA,Patna,,Charity,"Atlanta Point
Near Cellular Jail
P.O. Aberdeen Bazaar
"
269,Jaiprabha Hospital Model Blood Bank (MBB),Bihar,PATNA,Patna,9431619736,Government,"Atlanta Point
Near Cellular Jail
P.O. Aberdeen Bazaar
"
270,Palm View Hospital Blood Bank,Bihar,PATNA,Patna,8968639027,Private,"Atlanta Point
Near Cellular Jail
P.O. Aberdeen Bazaar
"
271,Lions Jeewan Blood Bank ,Bihar,PATNA,Patna,,Charity,"Atlanta Point
Near Cellular Jail
P.O. Aberdeen Bazaar
"
272,Paras HMRI Hospital Blood Bank,Bihar,PATNA,Patna,,Private,"Atlanta Point
Near Cellular Jail
P.O. Aberdeen Bazaar
"
273,Indira Gandhi Institute of Medical Sciences (IGIMS) Blood Bank ,Bihar,PATNA,Patna,"08544413216, 09471665716",Government,"Atlanta Point
Near Cellular Jail
P.O. Aberdeen Bazaar
"
274,Life Line Blood Bank,Bihar,PATNA,Patna,9234990509,Private,"Atlanta Point
Near Cellular Jail
P.O. Aberdeen Bazaar
"
275, Vaatsalya Blood Bank,Bihar,PATNA,Patna,9304028101,Charity,"Atlanta Point
Near Cellular Jail
P.O. Aberdeen Bazaar
"
276,Paras Hmri Hospital Blood Bank,Bihar,PATNA,Patna,N/A,,"Atlanta Point
Near Cellular Jail
P.O. Aberdeen Bazaar
"
277,Ruban Memorial Hospital Blood Bank,Bihar,PATNA,Patna,8406003104,Private,"Atlanta Point
Near Cellular Jail
P.O. Aberdeen Bazaar
"
278,Jeevan Rekha Blood Bank,Bihar,PATNA,Patna,"09334123578, 09334978582, 09334123518",Charity,"Atlanta Point
Near Cellular Jail
P.O. Aberdeen Bazaar
"
279,Indian Red Cross Society (IRCS) Blood Bank,Bihar,PURNIA,Purnia ,"09431025636, 09430970469, 09431268348, 09934559934",Charity,"Atlanta Point
Near Cellular Jail
P.O. Aberdeen Bazaar
"
280,Sadar Hospital Purnia  Blood Bank ,Bihar,PURNIA,Purnia," 09939213483, 09431268348, 09334510634, 0943127662",Government,"Atlanta Point
Near Cellular Jail
P.O. Aberdeen Bazaar
"
281,Bose Clinic Blood Bank,Bihar,ROHTAS,Dehral on Sone,9470007662,Private,"Atlanta Point
Near Cellular Jail
P.O. Aberdeen Bazaar
"
282,Sadar Hospital Sasaram Blood Bank,Bihar,ROHTAS,Rohtas,,Government,"Atlanta Point
Near Cellular Jail
P.O. Aberdeen Bazaar
"
283,Narayana Medical College and Hospital Blood Bank,Bihar,ROHTAS,Sasaram,"08405003052, 09431422803",Charity,"Atlanta Point
Near Cellular Jail
P.O. Aberdeen Bazaar
"
284,Micro Blood Bank Sasaram,Bihar,ROHTAS,Sasaram,9771022515,Private,"Atlanta Point
Near Cellular Jail
P.O. Aberdeen Bazaar
"
285,Sadar Hospital Saharsa Blood Bank ,Bihar,SAHARSA,Saharsa,9934712522,Government,"Atlanta Point
Near Cellular Jail
P.O. Aberdeen Bazaar
"
286,Indian Red Cross Society (IRCS) Samastipur Blood Bank ,Bihar,SAMASTIPUR,Samastipur,"09934296282, ",Charity,"Atlanta Point
Near Cellular Jail
P.O. Aberdeen Bazaar
"
287,Sadar Hospital Samastipur Blood Bank ,Bihar,SAMASTIPUR,Samastipur,"09661958888, 08051788761",Government,"Atlanta Point
Near Cellular Jail
P.O. Aberdeen Bazaar
"
288,Sadar Hospital Chhapra Blood Bank ,Bihar,SARAN,Chapra,078709 44325,Government,"Atlanta Point
Near Cellular Jail
P.O. Aberdeen Bazaar
"
289,Sadar Hospital Sheikhpura Blood Bank,Bihar,SHEIKHPURA,Sheikhpura,9631805193,Government,"Atlanta Point
Near Cellular Jail
P.O. Aberdeen Bazaar
"
290,Sadar Hospital Sitamarhi Blood Bank,Bihar,SITAMARHI,Sitamarhi,9473264433,Government,"Atlanta Point
Near Cellular Jail
P.O. Aberdeen Bazaar
"
291, Sadar Hospital Siwan Blood Bank,Bihar,SIWAN,Siwan,"082940 84226, 09431284168",Government,"Atlanta Point
Near Cellular Jail
P.O. Aberdeen Bazaar
"
292,P.N.H Mahatma Budh Educational and Research Centre Blood Bank ,Bihar,SIWAN,Siwan,"09852032870, 09430523283",Charity,"Atlanta Point
Near Cellular Jail
P.O. Aberdeen Bazaar
"
293,Sadar Hospital Hajipur Blood Bank ,Bihar,VAISHALI,Hajipur,"09473191934, 09279220893",Government,"Atlanta Point
Near Cellular Jail
P.O. Aberdeen Bazaar
"
294,Maharani Janki Kunwar (MJK) Hospital Blood Bank,Bihar,WEST CHAMPARAN,Bettiah,,Charity,"Atlanta Point
Near Cellular Jail
P.O. Aberdeen Bazaar
"
363,Indian Red Cross Society (IRCS) Blood Bank,Delhi,CENTRAL DELHI,Delhi,9818228394,Charity,"Atlanta Point
Near Cellular Jail
P.O. Aberdeen Bazaar
"
364,Dr. Ram Manohar Lohia Hospital Blood Bank,Delhi,CENTRAL DELHI,New Delhi,,Government,"Atlanta Point
Near Cellular Jail
P.O. Aberdeen Bazaar
"
365,Sucheta Kriplani Hospital Blood Bank,Delhi,CENTRAL DELHI,New Delhi,9999441487,Government,"Atlanta Point
Near Cellular Jail
P.O. Aberdeen Bazaar
"
366,Govind Ballabh (G.B.) Pant Hospital Blood Bank,Delhi,CENTRAL DELHI,New Delhi,9718599012,Government,"Atlanta Point
Near Cellular Jail
P.O. Aberdeen Bazaar
"
367,"Regional Blood Tranfusion Center Blood bank, Central Zone",Delhi,CENTRAL DELHI,New Delhi,8800950606,Government,"Atlanta Point
Near Cellular Jail
P.O. Aberdeen Bazaar
"
368,Kasturba Hospital Blood Bank,Delhi,CENTRAL DELHI,New Delhi,9868142141,Government,"Atlanta Point
Near Cellular Jail
P.O. Aberdeen Bazaar
"
369,Sir Ganga Ram Hospital Blood Bank,Delhi,CENTRAL DELHI,New Delhi,,Private,"Atlanta Point
Near Cellular Jail
P.O. Aberdeen Bazaar
"
370,Lal Bahadur Shastri Hospital Blood Bank,Delhi,EAST DELHI,Delhi,9582500318,Government,"Atlanta Point
Near Cellular Jail
P.O. Aberdeen Bazaar
"
371,Max Super Specialty Hospital Blood Bank,Delhi,EAST DELHI,Delhi,9911866565,Private,"Atlanta Point
Near Cellular Jail
P.O. Aberdeen Bazaar
"
372,Dr. Hedgewar Arogaya Sansthan Blood bank,Delhi,EAST DELHI,Delhi,9811100306,Government,"Atlanta Point
Near Cellular Jail
P.O. Aberdeen Bazaar
"
373,Lions Blood Bank East Delhi,Delhi,EAST DELHI,Delhi,"09717897507, 09717897509",Charity,"Atlanta Point
Near Cellular Jail
P.O. Aberdeen Bazaar
"
374,Dharamshila Cancer Foundation and Research Centre Blood Bank,Delhi,EAST DELHI,New Delhi,9717567779,Private,"Atlanta Point
Near Cellular Jail
P.O. Aberdeen Bazaar
"
375,Northern Railway Central Hospital Blood Bank,Delhi,NEW DELHI,New Delhi,9717630541,Government,"Atlanta Point
Near Cellular Jail
P.O. Aberdeen Bazaar
"
376,Pushpawati Singhania Research Institute Blood bank,Delhi,NEW DELHI,New Delhi,8375968248,Private,"Atlanta Point
Near Cellular Jail
P.O. Aberdeen Bazaar
"
377,"Cardio Neuro Centre Blood Bank, AIIMS ",Delhi,NEW DELHI,New Delhi,9868398196,Government,"Atlanta Point
Near Cellular Jail
P.O. Aberdeen Bazaar
"
378,Hindu Rao Hospital Blood Bank,Delhi,NORTH DELHI,Delhi,,Government,"Atlanta Point
Near Cellular Jail
P.O. Aberdeen Bazaar
"
379,St. Stephen&#39;s Hospital Blood Bank,Delhi,NORTH DELHI,Delhi,9868399207,Private,"Atlanta Point
Near Cellular Jail
P.O. Aberdeen Bazaar
"
380,Sant Pramanand Hospital Blood Bank,Delhi,NORTH DELHI,Delhi,9818582204,Charity,"Atlanta Point
Near Cellular Jail
P.O. Aberdeen Bazaar
"
381,Swami Dayanand Hospital Blood Bank,Delhi,NORTH EAST DELHI,Delhi,8506019595,,"Atlanta Point
Near Cellular Jail
P.O. Aberdeen Bazaar
"
382,Mission Jan Jagriti Blood Bank,Delhi,NORTH EAST DELHI,Delhi,9811210662,Charity,"Atlanta Point
Near Cellular Jail
P.O. Aberdeen Bazaar
"
383,Central Poly Clinic Blood Bank,Delhi,NORTH EAST DELHI,New Delhi,9811157559,Private,"Atlanta Point
Near Cellular Jail
P.O. Aberdeen Bazaar
"
384,Sushruta Trauma Centre Blood Bank,Delhi,NORTH WEST DELHI,Delhi,9868399328,Government,"Atlanta Point
Near Cellular Jail
P.O. Aberdeen Bazaar
"
385,Sanjay Gandhi Memorial Hospital Blood Bank,Delhi,NORTH WEST DELHI,Delhi,8447734495,Government,"Atlanta Point
Near Cellular Jail
P.O. Aberdeen Bazaar
"
386,Sunder Lal Jain Charitable Hospital Blood Bank,Delhi,NORTH WEST DELHI,Delhi,9873439803,Private,"Atlanta Point
Near Cellular Jail
P.O. Aberdeen Bazaar
"
387,Max Super Specialty Hospital Blood Bank,Delhi,NORTH WEST DELHI,Delhi,9810994195,Private,"Atlanta Point
Near Cellular Jail
P.O. Aberdeen Bazaar
"
388,Lions Blood Bank,Delhi,NORTH WEST DELHI,Delhi,"09717897500, 09717897520, 09717897504",Charity,"Atlanta Point
Near Cellular Jail
P.O. Aberdeen Bazaar
"
389,Mission Jan Jagriti Blood Bank,Delhi,NORTH WEST DELHI,Delhi,"08510888929, 08510888925",Private,"Atlanta Point
Near Cellular Jail
P.O. Aberdeen Bazaar
"
390,Saroj Super Speciality Hospital  Blood Bank,Delhi,NORTH WEST DELHI,Delhi,9818442406,Private,"Atlanta Point
Near Cellular Jail
P.O. Aberdeen Bazaar
"
391,Rajiv Gandhi Cancer Institute and Research Center Blood Bank,Delhi,NORTH WEST DELHI,Delhi,"09599587154, 09810743903",Private,"Atlanta Point
Near Cellular Jail
P.O. Aberdeen Bazaar
"
392,Dr. Baba Sahab Ambedkar Hospital Blood Bank,Delhi,NORTH WEST DELHI,New Delhi,9718599615,Government,"Atlanta Point
Near Cellular Jail
P.O. Aberdeen Bazaar
"
393,Delhi Heart and Lung Institute Blood Bank,Delhi,NORTH WEST DELHI,New Delhi,9999909508,Private,"Atlanta Point
Near Cellular Jail
P.O. Aberdeen Bazaar
"
394,Park Hospital Blood Bank,Delhi,NORTH WEST DELHI,New Delhi,7503141442,Private,"Atlanta Point
Near Cellular Jail
P.O. Aberdeen Bazaar
"
395,Fortis Hospital Blood Bank,Delhi,NORTH WEST DELHI,New Delhi,"09891239174, 09899863256",Private,"Atlanta Point
Near Cellular Jail
P.O. Aberdeen Bazaar
"
396,Pitampura Blood Bank,Delhi,NORTH WEST DELHI,New Delhi,"08130999395, 09810681450",Private,"Atlanta Point
Near Cellular Jail
P.O. Aberdeen Bazaar
"
397,Brahm Shakti Hospital and Research Centre Blood Bank,Delhi,NORTH WEST DELHI,New Delhi,9868535861,Private,"Atlanta Point
Near Cellular Jail
P.O. Aberdeen Bazaar
"
398,Guru Tegh Bahadur Hospital Blood Bank,Delhi,SHAHDARA,Delhi,,Government,"Atlanta Point
Near Cellular Jail
P.O. Aberdeen Bazaar
"
399,Holy Family Hospital Blood Bank,Delhi,SOUTH DELHI,Delhi,9716832373,Private,"Atlanta Point
Near Cellular Jail
P.O. Aberdeen Bazaar
"
400,Batra Hospital and Medical Research Centre Blood Bank,Delhi,SOUTH DELHI,Delhi,,Private,"Atlanta Point
Near Cellular Jail
P.O. Aberdeen Bazaar
"
401,All India Institute of Medical Sciences (AIIMS) Blood Bank,Delhi,SOUTH DELHI,New Delhi,,Government,"Atlanta Point
Near Cellular Jail
P.O. Aberdeen Bazaar
"
402,Safdarjung Hospital Blood Bank,Delhi,SOUTH DELHI,New Delhi,,Government,"Atlanta Point
Near Cellular Jail
P.O. Aberdeen Bazaar
"
403,Shri Moolchand Khariti-Ram Hospital and Ayurvedic Research Institute ,Delhi,SOUTH DELHI,New Delhi,8588955190,Private,"Atlanta Point
Near Cellular Jail
P.O. Aberdeen Bazaar
"
404,National Heart Institute Blood Bank,Delhi,SOUTH DELHI,New Delhi,9650186253,Private,"Atlanta Point
Near Cellular Jail
P.O. Aberdeen Bazaar
"
405,Max Super Specialty Hospital Blood Bank,Delhi,SOUTH DELHI,New Delhi,9873081647,Private,"Atlanta Point
Near Cellular Jail
P.O. Aberdeen Bazaar
"
406,Saket City Hospital Blood Bank,Delhi,SOUTH DELHI,New Delhi,9899673262,Private,"Atlanta Point
Near Cellular Jail
P.O. Aberdeen Bazaar
"
407,Rockland Hospital Qutab Blood Bank,Delhi,SOUTH DELHI,New Delhi,9958415656,Private,"Atlanta Point
Near Cellular Jail
P.O. Aberdeen Bazaar
"
408,Primus Ortho and Spine Hospital Blood Bank,Delhi,SOUTH DELHI,New Delhi,,Private,"Atlanta Point
Near Cellular Jail
P.O. Aberdeen Bazaar
"
409,White Cross Blood Bank,Delhi,SOUTH DELHI,New Delhi,9810304201,Private,"Atlanta Point
Near Cellular Jail
P.O. Aberdeen Bazaar
"
410,Rotary Blood Bank,Delhi,SOUTH DELHI,New Delhi,9868034748,Private,"Atlanta Point
Near Cellular Jail
P.O. Aberdeen Bazaar
"
411,Jai Prakash Narayan Apex Trauma Centre Blood Bank,Delhi,SOUTH DELHI,New Delhi,9868397275,Private,"Atlanta Point
Near Cellular Jail
P.O. Aberdeen Bazaar
"
412,Fortis Escort Heart Institute Blood Bank,Delhi,SOUTH DELHI,New Delhi,9873411881,Private,"Atlanta Point
Near Cellular Jail
P.O. Aberdeen Bazaar
"
413,Hakeem Abdul Hameed Centenary Hospital Blood Bank,Delhi,SOUTH EAST DELHI,New Delhi,9350621681,Private,"Atlanta Point
Near Cellular Jail
P.O. Aberdeen Bazaar
"
414,Apollo Hospital Blood Bank,Delhi,SOUTH EAST DELHI,New Delhi,,Private,"Atlanta Point
Near Cellular Jail
P.O. Aberdeen Bazaar
"
415,Armed Forces Transfusion Centre Blood Bank,Delhi,SOUTH WEST DELHI,Delhi,,Government,"Atlanta Point
Near Cellular Jail
P.O. Aberdeen Bazaar
"
416,Fortis Flt. Lt. Rajan Dhall Hospital Blood Bank,Delhi,SOUTH WEST DELHI,Delhi,9811419822,Private,"Atlanta Point
Near Cellular Jail
P.O. Aberdeen Bazaar
"
417,Institute of Liver and Biliary Sciences Blood Bank,Delhi,SOUTH WEST DELHI,New Delhi,9540946817,Charity,"Atlanta Point
Near Cellular Jail
P.O. Aberdeen Bazaar
"
418,Mata Chanan Devi Hospital Blood Bank,Delhi,SOUTH WEST DELHI,New Delhi,9971802973,Private,"Atlanta Point
Near Cellular Jail
P.O. Aberdeen Bazaar
"
419,Bhagat Chandra Hospital Blood Bank,Delhi,SOUTH WEST DELHI,New Delhi,,Private,"Atlanta Point
Near Cellular Jail
P.O. Aberdeen Bazaar
"
420,Indian Spinal Injuries Centre Blood Bank,Delhi,SOUTH WEST DELHI,New Delhi,9971975275,Private,"Atlanta Point
Near Cellular Jail
P.O. Aberdeen Bazaar
"
421,Bensups Hospital Blood Bank,Delhi,SOUTH WEST DELHI,New Delhi,9999138158,Private,"Atlanta Point
Near Cellular Jail
P.O. Aberdeen Bazaar
"
422,Blood Bank Organisation,Delhi,WEST DELHI,Delhi,9350584812,Private,"Atlanta Point
Near Cellular Jail
P.O. Aberdeen Bazaar
"
423,E. S. I. Hospital Blood Bank,Delhi,WEST DELHI,New Delhi,9811073500,Government,"Atlanta Point
Near Cellular Jail
P.O. Aberdeen Bazaar
"
424,Maharaja Agrasen Hospital Blood Bank,Delhi,WEST DELHI,New Delhi,9910426353,Private,"Atlanta Point
Near Cellular Jail
P.O. Aberdeen Bazaar
"
425,Sri Balaji Action Medical Institute Blood Bank,Delhi,WEST DELHI,New Delhi,,Private,"Atlanta Point
Near Cellular Jail
P.O. Aberdeen Bazaar
"
426,Dr. B. L. Kapoor Memorial Hospital Blood Bank,Delhi,WEST DELHI,New Delhi,9958436222,Private,"Atlanta Point
Near Cellular Jail
P.O. Aberdeen Bazaar
"
427,Kalra Hospital and Shri Ram Cardiothoracic and Neurosciences Center (SRCNC) Blood Bank,Delhi,WEST DELHI,New Delhi,9871699688,Private,"Atlanta Point
Near Cellular Jail
P.O. Aberdeen Bazaar
"
428,"R.B.T.C (wz), Deen Dayal Upadhyay Hospital",Delhi,WEST DELHI,New Delhi,9718990241,Government,"Atlanta Point
Near Cellular Jail
P.O. Aberdeen Bazaar
"
429,Jaipur Golden Hospital Blood Bank,Delhi,WEST DELHI,New Delhi,9968340243,Private,"Atlanta Point
Near Cellular Jail
P.O. Aberdeen Bazaar
"
430,Jan Jagriti Blood Bank,Delhi,WEST DELHI,New Delhi,"09811210662, 08510888929",Private,"Atlanta Point
Near Cellular Jail
P.O. Aberdeen Bazaar
"
431,District Hospital Blood Bank ,Goa,NORTH GOA,Mapusa,"07507965359	",Government,"Atlanta Point
Near Cellular Jail
P.O. Aberdeen Bazaar
"
432,Goa Medical College Blood Bank,Goa,NORTH GOA,Panaji,"09422641170	",Government,"Atlanta Point
Near Cellular Jail
P.O. Aberdeen Bazaar
"
433,Hospicio Hospital Blood Bank,Goa,SOUTH GOA,Margao,"09850456578	",Government,"Atlanta Point
Near Cellular Jail
P.O. Aberdeen Bazaar
"
434,Apollo Victor Hospital Blood Bank,Goa,SOUTH GOA,Margao,,Private,"Atlanta Point
Near Cellular Jail
P.O. Aberdeen Bazaar
"
435,SMRC&#39;s V. M. Salgaocar Hospital Blood Bank,Goa,SOUTH GOA,Vasco,9049843109,Private,"Atlanta Point
Near Cellular Jail
P.O. Aberdeen Bazaar
"
675,MMAB memorial District Hospital  Blood Bank Anantnag,Jammu and Kashmir,ANANTNAG,Anantnag,01923 222170,Government,"Atlanta Point
Near Cellular Jail
P.O. Aberdeen Bazaar
"
676,Baramulla District Hospital Blood Bank,Jammu and Kashmir,BARAMULLA,Baramulla,9797218141,Government,"Atlanta Point
Near Cellular Jail
P.O. Aberdeen Bazaar
"
677,Chodana Sub-District Hospital Blood Bank,Jammu and Kashmir,Budgam, Budgam ,9596301711,Government,"Atlanta Point
Near Cellular Jail
P.O. Aberdeen Bazaar
"
678,Budgam District Hospital Blood Bank ,Jammu and Kashmir,Budgam,Budgam ,9419035800,Government,"Atlanta Point
Near Cellular Jail
P.O. Aberdeen Bazaar
"
679,Doda District Hospital Blood Bank ,Jammu and Kashmir,DODA,Doda,9419168144,Government,"Atlanta Point
Near Cellular Jail
P.O. Aberdeen Bazaar
"
680,District Hospital Blood Bank Ganderbal ,Jammu and Kashmir,GANDERBAL,Ganderbal,,Government,"Atlanta Point
Near Cellular Jail
P.O. Aberdeen Bazaar
"
681,Government Hospital Blood Bank Gandhi Nagar,Jammu and Kashmir,JAMMU, Jammu ,9419187114,Government,"Atlanta Point
Near Cellular Jail
P.O. Aberdeen Bazaar
"
682,Government Medical College and Hospital Blood Bank,Jammu and Kashmir,JAMMU,Jammu ,9419184710,Government,"Atlanta Point
Near Cellular Jail
P.O. Aberdeen Bazaar
"
683,Sri Maharaja Gulab Singh (SMGS) Hospital Blood Bank,Jammu and Kashmir,JAMMU,Jammu ,,Government,"Atlanta Point
Near Cellular Jail
P.O. Aberdeen Bazaar
"
684,Bee Enn General Hospital Blood Bank,Jammu and Kashmir,JAMMU,Jammu ,,Charity,"Atlanta Point
Near Cellular Jail
P.O. Aberdeen Bazaar
"
685,Sainik Asptal Blood Bank Satwari,Jammu and Kashmir,JAMMU,Satwari,,Government,"Atlanta Point
Near Cellular Jail
P.O. Aberdeen Bazaar
"
686,Acharya Shri Chander College of Medical Sciences and Hospital Blood Bank,Jammu and Kashmir,JAMMU,Sidhara,,Charity,"Atlanta Point
Near Cellular Jail
P.O. Aberdeen Bazaar
"
687,Kargil District Hospital (Kargil Ladakh Kashmir Division) Blood Bank ,Jammu and Kashmir,KARGIL,Kargil ,9419888523,Government,"Atlanta Point
Near Cellular Jail
P.O. Aberdeen Bazaar
"
688,Kathua District Hospital Blood Bank ,Jammu and Kashmir,KATHUA,Kathua ,9419176206,Government,"Atlanta Point
Near Cellular Jail
P.O. Aberdeen Bazaar
"
689,Kishtwar District Hospital Blood Bank  ,Jammu and Kashmir,KISHTWAR,Kishtwar ,9018497123,Government,"Atlanta Point
Near Cellular Jail
P.O. Aberdeen Bazaar
"
690,Kulgam District Hospital Blood Bank ,Jammu and Kashmir,KULGAM,Kulgam ,9622749024,Government,"Atlanta Point
Near Cellular Jail
P.O. Aberdeen Bazaar
"
691,Handwara District Hospital Blood Bank,Jammu and Kashmir,KUPWARA,Handwara,9622221424,Government,"Atlanta Point
Near Cellular Jail
P.O. Aberdeen Bazaar
"
692,General Hospital Blood Bank,Jammu and Kashmir,LEH LADAKH,Leh,"09906982587, 094191235102",Government,"Atlanta Point
Near Cellular Jail
P.O. Aberdeen Bazaar
"
693,SNM Hospital Blood Bank,Jammu and Kashmir,LEH LADAKH,Leh ,9622181045,Government,"Atlanta Point
Near Cellular Jail
P.O. Aberdeen Bazaar
"
694,Raja Sukhdev Singh District Hospital Poonch,Jammu and Kashmir,POONCH,Haveli,"94,19,60,18,23,09,41,90,00,000",Government,"Atlanta Point
Near Cellular Jail
P.O. Aberdeen Bazaar
"
695,Pulwama District Hospital Blood Bank ,Jammu and Kashmir,PULWAMA,Pulwama,"09419757644, 09419070964",Government,"Atlanta Point
Near Cellular Jail
P.O. Aberdeen Bazaar
"
696,General Hospital Blood Bank (Army),Jammu and Kashmir,RAJOURI, Rajouri ,9596711669,Government,"Atlanta Point
Near Cellular Jail
P.O. Aberdeen Bazaar
"
697,Rajouri District Hospital Blood Bank ,Jammu and Kashmir,RAJOURI,Rajouri,9419267266,Government,"Atlanta Point
Near Cellular Jail
P.O. Aberdeen Bazaar
"
698,Ramban District Hospital Blood Bank ,Jammu and Kashmir,RAMBAN,Ramban,9419211432,Government,"Atlanta Point
Near Cellular Jail
P.O. Aberdeen Bazaar
"
699,District Hospital Blood Bank Sambha ,Jammu and Kashmir,SAMBA,Samba,,Government,"Atlanta Point
Near Cellular Jail
P.O. Aberdeen Bazaar
"
700,District Hospital Blood Bank Shopian ,Jammu and Kashmir,SHOPIAN,Shopian,9906691206,Government,"Atlanta Point
Near Cellular Jail
P.O. Aberdeen Bazaar
"
701,Shri Maharaja Hari Singh (SMHS) Hospital Blood Bank,Jammu and Kashmir,SRINAGAR, Srinagar ,9419466823,Government,"Atlanta Point
Near Cellular Jail
P.O. Aberdeen Bazaar
"
702,92 Base Hospital Blood Bank,Jammu and Kashmir,SRINAGAR, Srinagar            ,9419025840,Government,"Atlanta Point
Near Cellular Jail
P.O. Aberdeen Bazaar
"
703,Sher-I-Kashmir Institute of Medical Sciences (SKIMS) Blood bank,Jammu and Kashmir,SRINAGAR,Srinagar ,9419081023,Government,"Atlanta Point
Near Cellular Jail
P.O. Aberdeen Bazaar
"
704, Government Lal Ded Hospital Blood Bank,Jammu and Kashmir,SRINAGAR,Srinagar            ,9797937999,Government,"Atlanta Point
Near Cellular Jail
P.O. Aberdeen Bazaar
"
705,Government Bone and Joint Surgery Hospital Blood Bank,Jammu and Kashmir,SRINAGAR,Srinagar ,9419720762,Government,"Atlanta Point
Near Cellular Jail
P.O. Aberdeen Bazaar
"
706,Jawahar Lal Nehru Memorial Hospital Blood Bank,Jammu and Kashmir,SRINAGAR,Srinagar ,,Government,"Atlanta Point
Near Cellular Jail
P.O. Aberdeen Bazaar
"
707,Command Hospital Blood Bank ,Jammu and Kashmir,UDHAMPUR,Udampur ,,Government,"Atlanta Point
Near Cellular Jail
P.O. Aberdeen Bazaar
"
708,Udhampur District Hospital Blood Bank ,Jammu and Kashmir,UDHAMPUR,Udhampur,9419222969,Government,"Atlanta Point
Near Cellular Jail
P.O. Aberdeen Bazaar
"
